Tumour_number,B.cells.naive,B.cells.memory,Plasma.cells,T.cells.CD8,T.cells.CD4.naive,T.cells.CD4.memory.resting,T.cells.CD4.memory.activated,T.cells.follicular.helper,T.cells.regulatory.(Tregs),NK.cells.resting,NK.cells.activated,Monocytes,Macrophages.M0,Macrophages.M1,Macrophages.M2,Dendritic.cells.resting,Dendritic.cells.activated,Mast.cells.resting,Mast.cells.activated,Eosinophils,Neutrophils
RT14,0,0,0.031902223,0,0,0.413331519,0,0,0,0.166398182,0,0.04440422,0.17086033,0,0,0,0.035602296,0,0.13750123,0,0
RT16,0,0.012915231,0,0,0.02188581,0.212006815,0,0,0,0.106326413,0,0.003319844,0.439519577,0.004518718,0,0,0.027884556,0,0.08961834,0,0.082004696
RT17,0,0,0.01938828,0,0.024806778,0.298482088,0,0,0.074121493,0.166538966,0,0.134666149,0.068153435,0,0,0,0.103905812,0,0.109936999,0,0
RT19,0,0,0.00169885,0,0,0.393757549,0,0,0,0.08195999,0.059166818,0.141539936,0.159788546,0,0,0,0.162088311,0,0,0,0
RT20,0,0.017000518,0,0,0.011083547,0.382244119,0,0,0,0.191315457,0,0.024440938,0.188557232,0.011339598,0,0,0.045188938,0,0.087800876,0.023566044,0.017462733
RT27,0,0,0.003392138,0,0.011311146,0.327053423,0.012394295,0,0,0.161933911,0,0.035129818,0.172355726,0,0,0,0.103233216,0,0.078476957,0.011411387,0.083307981
RT29,0.144720206,0,0.158206993,0.023693774,0.084987088,0.293686977,0.004627478,0,0,0.07882303,0,0.067592302,0.069715671,0,0.016394212,0,0.030213782,0,0.027338486,0,0
RT3,0,0.016624729,0.116442431,0.019514595,0,0.64494612,0,0,0,0.059308575,0.010305256,0.051298857,0.015332366,0,0,0,0.032617129,0,0.011853858,0.021756084,0
