Tumour_number,B.cells.naive,B.cells.memory,Plasma.cells,T.cells.CD8,T.cells.CD4.naive,T.cells.CD4.memory.resting,T.cells.CD4.memory.activated,T.cells.follicular.helper,T.cells.regulatory.(Tregs),NK.cells.resting,NK.cells.activated,Monocytes,Macrophages.M0,Macrophages.M1,Macrophages.M2,Dendritic.cells.resting,Dendritic.cells.activated,Mast.cells.resting,Mast.cells.activated,Eosinophils,Neutrophils
RT15,0.058488249,0.051359764,0.085643844,0.042787011,0,0.269629336,0,0.035178688,0,0.154157838,0,0.072695606,0.07311623,0,0,0,0.033217911,0,0.123725522,0,0
RT2,0,0,0.004942789,0,0,0.493678154,0,0,0,0.144989076,0,0,0.187301652,0.005218324,0.013163644,0,0.064408075,0,0.086298287,0,0
RT21,0,0,0.006801264,0,0,0.422328824,0.001150792,0,0,0.129668607,0,0.012465508,0.215445894,0.054357105,0.038130706,0,0.026406971,0,0.09324433,0,0
RT39,0.13487103,0,0.014799483,0.021959774,0,0.210219703,0.273326625,0,0,0.019661877,0.010701486,0.009908062,0.129937377,0,0,0,0.066725546,0.072697959,0,0,0.035191079
RT40,0,0,0.033352079,0,0.0007,0.260760979,0,0.035656976,0,0.192078409,0,0.049610577,0.11136777,0.075649481,0.04883166,0,0.025455368,0,0.099030105,0.004581448,0.062892574
RT7,0,0,0,0,0.061900439,0.424435129,0,0,0,0.149298563,0,0.055838286,0.13390475,0,0,0,0.074162859,0,0.083275768,0,0.017184206
