Tumour_number,B.cells.naive,B.cells.memory,Plasma.cells,T.cells.CD8,T.cells.CD4.naive,T.cells.CD4.memory.resting,T.cells.CD4.memory.activated,T.cells.follicular.helper,T.cells.regulatory.(Tregs),NK.cells.resting,NK.cells.activated,Monocytes,Macrophages.M0,Macrophages.M1,Macrophages.M2,Dendritic.cells.resting,Dendritic.cells.activated,Mast.cells.resting,Mast.cells.activated,Eosinophils,Neutrophils
RT1,0.302493766,0.080313809,0.017873404,0.013582832,0,0.256984773,0,0.082084636,0,0.088461134,0,0.0002,0.089358438,0.020788653,0,0,0.015540113,0,0.032269352,0,0
RT13,0.005917676,0,0.146725325,0.061090247,0,0.42850459,0,0,0,0.171144695,0,0.074280331,0.001687689,0,0,0,0.065277964,0,0.045371484,0,0
RT23,0.074993006,0.288578312,0.011609568,0.021882312,0.041289111,0.309998351,0,0.005882319,0,0.074244063,0,0.010092518,0.059739488,0.001994185,0.043538083,0,0.046929147,0,0.009229538,0,0
RT5,0.019862607,0,0.190329111,0,0,0.484919923,0,0,0,0.054262726,0,0.042546055,0.086227036,0,0.011667744,0,0.022592817,0.08759198,0,0,0
RT6,0.053977974,0.305280308,0.01349353,0.009985033,0,0.298443913,0,0.031020943,0,0.103031393,0,0.00162601,0.052152423,0.011615141,0.036799143,0,0.030025427,0,0.052548762,0,0
