Tumour_number,B.cells.naive,B.cells.memory,Plasma.cells,T.cells.CD8,T.cells.CD4.naive,T.cells.CD4.memory.resting,T.cells.CD4.memory.activated,T.cells.follicular.helper,T.cells.regulatory.(Tregs),NK.cells.resting,NK.cells.activated,Monocytes,Macrophages.M0,Macrophages.M1,Macrophages.M2,Dendritic.cells.resting,Dendritic.cells.activated,Mast.cells.resting,Mast.cells.activated,Eosinophils,Neutrophils
RT1,0,0,0.06224005,0.068574026,0,0.410615959,0,0.027738791,0.027896496,0.115142984,0,0.021588368,0.093724559,0.115050949,0.038866183,0,0.00456207,0,0.013999567,0,0
RT13,0.012780992,0,0.026750385,0,0,0.286195675,0.007436711,0,0,0.126921282,0,0,0.18122848,0.238475767,0.059760372,0,0.042234191,0.018216145,0,0,0
RT23,0,0,0.0001,0,0,0.139700853,0,0.111735679,0.037819213,0,0.025838832,0.064256529,0.310701346,0.099406351,0.082300072,0,0.059568525,0.057354369,0,0,0.011232232
RT5,0.028364034,0,0.131455916,0,0.017510757,0.352421501,0,0,0,0.10058098,0,0,0.190577616,0.014918087,0.102266473,0,0.027502328,0.022626151,0.011776157,0,0
RT6,0.044322811,0,0.092274594,0,0,0.396252312,0,0,0.02565071,0.034537414,0.044573332,0.006083937,0.203897592,0.106694287,0,0,0.022332924,0.018819972,0,0,0.004560116
